{"cameraMode":{"drawMode":0,"name":"Shaded","section":"Shading Mode"},"sceneLighting":true,"audioPlay":false,"sceneViewState":{"m_AlwaysRefresh":false,"showFog":true,"showSkybox":true,"showFlares":true,"showImageEffects":true,"showParticleSystems":true,"showVisualEffectGraphs":true,"m_FxEnabled":true},"in2DMode":false,"pivot":{"x":-0.23000001907348634,"y":1.7694475650787354,"z":-25.731199264526368},"rotation":{"x":-0.007104271091520786,"y":-0.9911090731620789,"z":-0.07681780308485031,"w":0.1106964647769928},"size":0.9261613488197327,"orthographic":false}